Title,Duration,Media Play Count,Audio Media Play Count,Video Media Play Count,Unclassified Media Play Count,LISTEN Play Count,1 Minute Media Play Count,5 Minute Media Play Count,Completed Media Count,Total Media Play Time,View Count,Users
286: 上高地、日帰りできます ~動じない人生経験、上高地にあり~,00:26:01,88,85,3,0,0,86,78,67,31h,3,3
285: 読書合宿2026 Summer ~布団を星型にして寝る女~,00:43:49,112,112,0,0,3,112,106,93,71h,4,3
284: Amazonが救えなかったルンバ ~家庭用掃除ロボットの雄はなぜ破産したのか~,00:35:41,121,121,0,0,2,121,114,101,63h,1,1
283: ワンピース 悪魔の実、能力クイズ ~スベスベとアワアワの仁義なき能力争い~,00:36:17,113,113,0,0,2,110,104,95,59h,3,3
282: シン・アートワーク爆誕 ~さらば、全てのゲームボーイ~,00:24:26,151,133,18,0,5,133,121,106,46h,5,5
281: 大人の習い事2026夏 ~通い放題にしたら行かない~,00:34:16,143,143,0,0,6,139,131,112,70h,5,5
280: みんなが興味ない方のキーボード ~楽譜書き起こしAI、待たれる~,00:36:05,152,130,22,0,11,128,110,102,64h,4,4
279: ちいかわ新規がセイレーン編を見た  ~ 映画デート、ダメ絶対 ~,00:42:40,149,149,0,0,4,146,132,108,84h,26,27
278: 代官山で最高の朝食を ~ あるいは、怒りは期待から生まれる 2026 Summer~,00:44:11,163,152,11,0,4,150,139,116,91h,9,7
277: 健康の鬼、散財する ~ミキサー・ポータブル冷房・WHOOP~,00:28:17,300,300,0,0,2,293,139,111,65h,10,10
276: YouTube、始めました ,00:18:36,112,112,0,0,0,110,104,92,30h,4,4
275: 本物のかき氷を食べよう ~◯◯が見えちゃってる人にどう知らせる?~,00:40:54,133,133,0,0,4,128,119,98,71h,8,8
274: サプリメント・デッキ  ~ドレッドタトゥー肌ピカピカ男への道~,00:33:30,141,141,0,0,2,137,125,102,63h,11,11
273: インシデント・クイズ ~俺とテイラー・スイフトなら防げたかもしれない~,00:39:24,143,143,0,0,3,141,133,115,80h,10,10
272: おっさんは毎日のスキンケアだけじゃ無理 ~美容医療レーザー3万円への道~,00:48:07,172,172,0,0,2,170,163,133,116h,5,5
271: 黒部ダム、日帰りできます ~ただし東京脱出に6時間かかります~,00:25:25,152,152,0,0,12,149,133,112,52h,26,24
270: 終わってから語るプライムデー2026 ~ミキサーは3回しか使わない~,00:26:34,127,127,0,0,5,125,114,94,45h,9,9
269: ストレス解消法 ~あるいは真夏の最強プレゼント決定戦~,00:33:45,141,141,0,0,4,138,124,109,65h,12,9
268: 言語化で現実を変えられるか ~存在しない出版依頼に答える回~,00:31:34,133,133,0,0,2,129,117,106,58h,8,7
267: ジェダイって何 ~銀河でも人間のほうが安い~,00:26:43,161,161,0,0,4,158,145,121,59h,11,8
266: 初見スターウォーズ EP1・2・3編 ~アナキン話通じなさすぎ問題~ ,00:50:48,162,162,0,0,4,160,148,124,112h,17,14
265: 初見スターウォーズ EP4・5・6編 ~ストームトルーパーはまず射撃練習をしよう~,00:38:48,172,172,0,0,2,168,153,123,87h,6,7
264: 【ネタバレ】ムキムキナメクジ救出作戦 ~初心者が観る『マンダロリアン・アンド・グローグー』~,00:26:03,165,165,0,0,3,162,151,134,62h,12,13
263: 👀のemoji、結局どういう意味？ ~Slackリアクション再考~,00:19:20,166,166,0,0,2,165,154,131,47h,8,7
262: ジョジョ5部完走 ~雑魚が存在しない漫画~,00:29:42,157,157,0,0,2,153,144,123,65h,5,5
261: アンチ"やっていき" ~心の中で思ったならッ!その時スデに行動は終わっているんだッ!~,00:39:42,183,183,0,0,4,176,170,137,98h,3,3
260: もっちゅりんは過大評価か ~東の銀座亭、西のマルシン飯店 ~,00:32:35,254,254,0,0,1,248,169,127,82h,27,19
259: 【独断】過大評価されている食べ物 おたよりスペシャル【偏見】,00:54:08,168,168,0,0,5,163,153,121,120h,9,13
258: ジャーゴン警察24時 ~ハイコンテキストコミュニケーションとの戦い~,00:31:02,157,157,0,0,4,155,146,119,67h,12,12
257: 歯列矯正 2026 春 ~カフェインタブレットは終わりの始まり~,00:50:03,189,189,0,0,3,186,175,134,123h,20,16
256: 福岡遠征 ~24時のウエスト、爆食カルパッチョ寿司~,00:35:58,189,189,0,0,4,187,170,137,91h,14,13
255: おしえて、正規表現  ~みんなで効率厨になろう~  ,00:40:20,182,182,0,0,3,180,167,140,103h,13,12
254: 【偏見】過大評価されている食べ物【独断】,00:35:54,172,172,0,0,2,171,161,131,86h,86,78
253: 気候紀行奇行 ~自作アプリとともに青信号の方向に進むランダム散歩~,00:37:01,196,196,0,0,5,193,184,152,103h,28,15
252: 森、道、市場2026  ~人の買い物まで代行する男~,00:57:48,240,240,0,0,3,237,227,182,194h,20,17
251: EvenG2を買ったなら ~ICL後にかけるメガネ~,00:24:15,174,174,0,0,3,170,163,139,61h,30,30
250: ミラドライで世界変わった ~脇汗が一滴も出ない衝撃~,00:27:27,168,168,0,0,3,166,157,132,66h,13,13
249: 文学フリマで何者でもなさを突きつけられる ~30代が暇を潰しています~,00:28:17,183,183,0,0,4,178,169,144,74h,13,13
248: HIP HOP ~お前舐めんなよクソが入門~,00:27:05,158,158,0,0,2,155,146,125,61h,11,10
247: MCPすらないAI Agent、Pi ~意思のないプロダクトは要らない~,00:24:02,206,206,0,0,6,203,194,166,72h,31,31
246: バディって、なに ~絶対交わらなかった人間たち~,00:35:02,162,162,0,0,3,162,151,129,81h,4,4
245: 腕からスティッキィ・フィンガーズ ~気づけばxx個のタトゥー~,00:42:28,704,704,0,0,2,701,380,148,157h,14,15
244: 文学フリマ3回目の挑戦 ~30代陰キャたち、未知との遭遇~,00:23:21,172,172,0,0,3,171,162,139,59h,8,6
243: Hermes Agentのドキュメント全部読んだ 〜OpenClaw と何が違うの〜,00:30:04,241,241,0,0,5,231,224,180,100h,29,28
242: ICL RTA ~初回検査から10日で手術した話~,00:27:21,193,193,0,0,2,190,178,155,75h,4,4
241: 技術書典20に出展した ~初めてなのに、壁サー~,00:31:06,223,223,0,0,4,222,208,172,100h,9,8
240: 1万円分の本を買おう 2026 後編 ~パラレルワールドのミチルさん~ ゲスト:黄身子,00:30:37,172,172,0,0,3,171,163,138,76h,9,7
239: 1万円分の本を買おう 2026 前編  ~できない執事はクビですわ~  ゲスト:黄身子,00:41:36,206,206,0,0,4,206,190,148,115h,7,6
238: 技術書典20に出展します ~90分で作ってわかる AI Agent 入門~,00:24:14,174,174,0,0,3,173,160,132,59h,9,8
237: おしえて、OpenCode ~玄人向け回になってしまった反省~,00:23:31,231,231,0,0,3,228,212,176,76h,10,6
236: 台湾旅行 故宮博物館・猫空・台北市内編 ~豆腐好きすぎるだろ~,00:39:40,180,180,0,0,4,178,166,134,97h,3,4
235: 台湾旅行 九份・寧夏夜市編  ~ お茶屋でAIエージェント本を読むな ~,00:32:07,213,213,0,0,8,211,201,165,97h,8,7
234: おしえて、モノレポ ~オフチョベットしたテフをマブガッドしてリットにする~,00:24:55,197,197,0,0,3,197,188,152,71h,4,4
233: 仕事の9割は環境変数 ~ PATH、通ってますか? ~,00:41:08,193,193,0,0,6,191,184,151,112h,10,10
232: サイロ化って何? ~恥ずかしがり屋エンジニア vs Slackクローラー~,00:40:37,206,206,0,0,6,205,198,163,121h,8,7
231: 本物のドレッドヘア ~3週間 髪を洗わない人になる~,00:26:04,183,183,0,0,3,183,174,156,71h,5,5
230: おしえて、スノーボード ~行ってきますは予備動作が9割~,00:35:33,215,215,0,0,4,215,210,173,111h,6,5
229: 風邪の時だけUberEats ~体調不良あるある vs ないない~,00:22:32,192,192,0,0,7,192,180,148,62h,14,15
228: COCO'S 最強メニュー決定戦 ~モーニングに行きたい~,00:31:40,182,182,0,0,10,180,174,146,83h,5,7
227: 音声入力、ばり便利 ~自作もしてみてわかったこと~,00:28:46,239,239,0,0,10,234,224,183,97h,71,72
226: サウナで整えるvs整えない ~高輪SAUNASに行ってきた~,00:27:50,182,182,0,0,10,179,172,142,73h,11,9
225: 最近買ったもの upa編 ~電源に取り憑かれた男~,00:17:21,370,370,0,0,12,370,304,180,71h,15,15
224: 最近買ったもの michiru_da編 ~ バースデーソングを歌ってくれる体重管理アプリ ~,00:32:41,183,183,0,0,8,181,169,133,82h,7,7
223: 丸ノ内線全駅徒歩制覇 ~駅を足して40kmの環状線にしよう~,00:32:13,189,189,0,0,6,187,178,147,85h,29,29
222:未来の自分を信じすぎる vs 信じられない ~ 登壇準備との戦い 2026 ~,00:24:03,414,414,0,0,9,388,362,297,133h,7,5
221:ズートピア2・ラヴ上等リターンズ ~課金しか愛を知らない~,00:41:36,224,224,0,0,4,222,213,167,128h,14,10
220: 社内AI活用の生産性爆増しデスクトップアプリ ~安全なMCPサーバーを公開したかっただけなのに~,00:25:28,335,335,0,0,5,334,325,243,123h,50,43
219: Clawdbot改めMoltbot🦞って何？ ~ ふーん、おもしれーbot ~,00:37:57,236,236,0,0,4,235,223,176,125h,33,29
218: 初めての、スキー ~パソコンは一人でやるものなんだ~ ゲスト:黄身子,00:40:10,186,186,0,0,3,184,176,147,105h,11,8
217: 年末年始に作ったもの ~ラップのビートをコードで書こう~,00:43:26,195,195,0,0,4,194,187,152,119h,15,9
216: 新春コンテンツ祭 ~お前もb-boyにならないか~,00:59:04,185,185,0,0,2,185,180,143,151h,7,5
215: 年始の思い出 ~帰省と17連休とウサギの島~,00:27:31,208,208,0,0,3,207,196,163,82h,17,10
214: プロレスやるならヒール  ~2025年末、ヨシカミ・Pizza 4P’s・女子プロレス観戦~,00:44:49,176,176,0,0,5,176,168,142,113h,21,12
213: おしえて、Agent Skills ~ユースケースが悩ましい~,00:29:51,214,214,0,0,7,207,198,157,87h,16,14
212: メールアドレスを隠そう ~自分、高1から1Password使ってるんで~,00:57:56,208,208,0,0,5,208,201,155,165h,8,8
211: アフロ、やめました ~たのしいドレッド入門~,00:28:56,185,185,0,0,3,185,179,141,76h,7,6
210: インターネットの思い出 〜禁じられたネットと、はてなブックマーク全読中学生〜,00:42:38,175,175,0,0,4,173,162,133,101h,8,8
209: M-1グランプリ2025 ~再発の録音し忘れインシデント~,00:52:16,234,234,0,0,5,232,224,179,171h,4,4
208: 3日連続麻辣湯の男 ~あるいはびっくりドンキー初心者~,00:37:57,205,205,0,0,4,204,188,150,106h,16,9
207: 公開収録の振り返り ~ありがとう、19人のマヂ友たち~,00:33:17,184,184,0,0,4,184,175,142,86h,12,9
206: 初めての公開収録 ~唯一読んでいないおたより~,00:36:35,170,170,0,0,3,169,159,126,85h,6,5
205: Black Friday 2025 後編 ~焼肉食べたら風邪治る~,00:35:13,179,179,0,0,5,177,165,137,87h,10,8
204:Black Friday 2025 前編 ~またつまらぬものを買ってしまった~,00:30:45,162,162,0,0,4,160,154,132,72h,13,10
203: 勉強会で、飯目的パーソンらしき人を見かけたら？ ~タダ飯スパイ大作戦~,00:33:05,197,197,0,0,3,197,182,141,87h,21,21
202: コンビニおでん王 ~セブンvsファミマ、ローソンはどこへ~,00:44:40,182,182,0,0,4,182,171,142,113h,2,2
201: 祝200回！EP152~199大振り返り会,00:35:22,165,165,0,0,3,165,157,131,84h,4,4
200:  祝200回！EP100~151大振り返り会,00:31:12,151,151,0,0,2,151,143,124,68h,3,3
199: 【ネタバレ注意】サイレントヒル f ~狩野英孝と見るトラウマホラー~,00:53:12,263,263,0,0,3,263,256,218,205h,38,37
198:生成AIサービスのアクションボタンのベスト配置を考えよう ~鰻の成瀬とシャクティマットの話もあるよ~,00:47:37,193,193,0,0,3,193,181,149,128h,5,5
197: 越境って、何？~そして責任とオーナーシップに続く~,00:31:57,226,226,0,0,4,223,212,165,100h,10,10
12/6(土)は、マヂカル.fmの公開収録に来てほしい,00:02:50,149,149,0,0,2,149,0,149,7h,5,5
196: 富ヶ谷からはじまる手作りバーガー伝説 ~FRESHNESS BURGERを知る頃~,00:38:50,162,162,0,0,1,160,153,123,87h,1,1
195: 「現場で活用するためのAIエージェント実践入門」を読もう 後編,00:45:54,188,188,0,0,2,187,176,133,115h,9,9
194: 「現場で活用するためのAIエージェント実践入門」を読もう 前編,00:41:05,257,257,0,0,6,254,241,190,145h,17,16
193: Café&Meal MUJI ~悲劇から始まる最強お惣菜決定戦~,00:29:24,162,162,0,0,2,160,152,130,69h,17,10
192: 朝食の思い出 ~コーンマヨおじと牛乳地獄~,00:26:39,210,210,0,0,1,210,203,180,84h,6,4
191: オモコロ20周年展 ~菓子盆選手権と美少女シャワー~,00:25:02,207,207,0,0,0,207,198,173,78h,16,6
【お知らせ】12/6(土)に公開収録やるよ〜！,00:07:20,192,192,0,0,0,192,186,183,23h,7,2
190: アイカツ!×プリパラ THE MOVIE ~トモチケをパキろう~,00:26:53,229,229,0,0,3,229,217,171,88h,6,7
189: 会社にヘルプガイドをもとに質問に答えてくれるbotのRAGを導入した結果www,00:39:28,290,290,0,0,2,287,266,170,140h,11,11
188: ラスト万博 ~8カ国を駆け抜けた女と横入りのおぢ~,00:45:29,282,282,0,0,2,282,263,136,131h,4,6
187: ZINEフェス東京出展 ~ブースは入口近く、財布は遠く~,00:29:15,218,218,0,0,2,218,206,155,89h,11,9
186: 駆け込み万博 後編 ~WORST UX DESIGN TOILET~,00:31:30,198,198,0,0,1,198,187,156,89h,7,4
185: 駆け込み万博 前編 ~入場の地獄から、イタリアパビリオンまで~,00:30:54,207,207,0,0,1,206,196,163,91h,21,15
184: ミニストップを知る頃 ~毎日食べたいメロンパン、週一でいいクロワッサン~,00:41:43,219,219,0,0,3,219,204,163,124h,9,3
183: クロワッサン最強王決定戦 麻布台 & ベスト3発表編 ~パン画像認識POSレジサービス~,00:37:22,189,189,0,0,3,189,174,140,95h,21,8
182: クロワッサン最強王決定戦 日比谷・丸の内編  ~ 最も暴力的なクロワッサン、現る ~,00:28:51,195,195,0,0,1,195,180,148,78h,16,4
181: プライドって何? ~ あるいは、愛される老人の三大美徳~,00:51:56,268,268,0,0,2,267,255,210,195h,11,8
180: ZINE Vol.2 制作 ~InDesignと悪魔のプライシング~,00:30:45,229,229,0,0,1,229,217,194,104h,8,5
179: 君はタコとイカの味の違いを説明できるか? ~なぜ千切りレタスはないのか~,00:20:15,222,222,0,0,1,221,209,188,68h,5,3
178: お互いのプロフィールクイズ ~懐かしの平成文房具たち~,00:47:23,242,242,0,0,2,241,227,192,161h,10,5
177: サーティーワン最強王決定戦 ~りんご飴のりんごは要らない~,00:41:37,230,230,0,0,1,230,220,187,138h,21,10
176: 最近の普段使いLLMサービスを話そう ~爆速のCerebras~,00:46:31,195,195,0,0,2,193,178,142,122h,20,11
175: 鹿児島・広島旅行 ~地元グルメ紹介からのパソコン相談室~,00:59:22,277,277,0,0,1,276,257,222,231h,24,8
174: めざせ大阪万博マスター パビリオン・ごはん・お土産編 ~リサーチがすべて~,01:12:46,349,349,0,0,2,349,322,258,340h,20,13
173: めざせ大阪万博マスター 事前準備編 ~まだパビリオンに辿り着かない~ ゲスト:aochan,00:40:36,285,285,0,0,5,281,266,206,156h,8,7
172: 大阪・京都旅行 ~梅田迷宮とマルシン飯店ファストパス体験~,00:35:16,295,295,0,0,4,294,273,237,149h,15,13
171: 京都のおすすめレストラン ~マルシン飯店は毎日でも行きたい vs そうでもない~,00:32:27,293,293,0,0,3,291,275,245,139h,13,3
170: 会津のおすすめレストラン ~あの時の坊主です、今はアフロになりました~,00:19:57,261,261,0,0,3,258,244,230,79h,15,10
169: 2025年上半期 買ってよかったもの 後編 ~巻き取り式ケーブル地獄~,00:23:14,311,311,0,0,2,310,298,256,107h,36,13
168: 2025年上半期 買ってよかったもの 前編 ~デザインと機能の狭間で~,00:29:27,293,293,0,0,3,293,275,237,127h,21,10
167: 1万円分の本を読もう 後編 ~口に出して読みたい日本語、ど冷えもん ~,00:23:43,388,388,0,0,2,385,282,222,103h,13,6
166: 1万円分の本を読もう 前編 ~河口湖で読書合宿 ~,00:40:14,290,290,0,0,1,289,274,233,168h,20,11
165: おしえて、VALORANT ~即ピは戦争の始まり~,00:45:54,269,269,0,0,2,269,252,206,171h,7,4
164: ザ・コンビニ ~黄金チキンと春巻きと私~,00:29:59,226,226,0,0,4,226,215,186,100h,9,6
163: 雑談回 2025 Summer ~水ゼリー、ずんだもん、人格AI~,00:45:06,236,236,0,0,3,235,219,179,148h,9,7
162: 陰キャって、何? ~陽of陽という名のユニコーン~,00:35:40,243,243,0,0,2,241,225,191,122h,6,4
161: 褒めるって、何? ~ 褒められたことがない vs 目の前の人を褒められない ~,00:49:01,266,266,0,0,4,256,242,196,176h,25,12
160: 占いに行ってみた ~金こそ全て、友達も金で買えるから~,00:35:01,237,237,0,0,3,221,213,180,114h,13,7
159: 給食の思い出 ~ミルメーク・揚げパン・ガチョピント~,00:35:54,219,219,0,0,3,211,197,177,111h,5,3
158: 祖母の見送り ~葬式DeepResearch~,00:38:05,203,203,0,0,3,197,183,160,107h,6,7
157: おしえて、XG ~マッスルマザーとロリータファーザー、時々全身ライブグッズの男~ ゲスト:くつお,01:08:25,339,339,0,0,1,330,311,242,312h,17,11
156: コミティア偵察 & マヂ友さんのおたより紹介 ~メルルーサって、何?~,00:45:16,246,246,0,0,3,237,225,195,155h,5,5
155: クソガキな新卒を語ろう ~チヤホヤの末路、俺達が生んだ化け物~  ゲスト:人事のMさん,01:18:04,381,381,0,0,9,364,348,237,372h,38,25
154: マッサージ、行ってる？ ~疲れを知らないオバたち~,00:26:07,217,217,0,0,3,209,199,178,82h,22,8
153: ZINEフェス東京初出店 ~かわいさのレッドオーシャン、相手の土俵で戦うな~,00:31:04,239,239,0,0,2,233,215,191,104h,12,10
152: プレーリーカードばり便利〜ゲーム実況がしたい〜,00:28:36,197,197,0,0,3,189,177,165,82h,12,6
151: 森、道、市場 2025 DAY2 ~どこもかしこも駐車場~,00:32:17,221,221,0,0,5,216,204,176,102h,18,5
150: 森、道、市場 2025 DAY1 ~迷子の豊橋物語~,00:22:19,235,235,0,0,4,231,213,182,75h,15,8
149: Ad Block by DNS 入門 ~笑いが少なくてゴメンネ~,00:28:30,235,235,0,0,0,219,203,164,88h,14,5
148: 文学フリマで買った本＆おたより ~嘘エッセイからAI探偵まで~,00:42:07,230,230,0,0,3,224,206,164,127h,16,8
147: 帝国ホテルで3時間の朝食を ~約束された幸せ、Imperial Viking~,00:30:03,235,235,0,0,2,226,214,183,99h,10,6
146:春のコンテンツ祭 ~バキ童ch オンリー・新幹線大爆破・ チ。・サンダーボルツ~,00:36:59,231,231,0,0,2,226,213,179,119h,13,6
145: 文学フリマ初出店 ~おふたりは友達じゃないんですか？~,00:34:25,2569,2569,0,0,2,2551,1423,187,329h,15,10
144: 大江戸線徒歩一周 ~夜23時、光が丘集合~,00:51:41,263,263,0,0,4,257,240,194,186h,18,16
143: Arcブラウザやめました ~Dia・Zen・DuckDuckGo~,00:38:26,432,432,0,0,3,368,327,223,170h,148,130
142: 石垣島ダイビング 〜マンタとウミガメとロウニンアジと〜,00:35:24,193,193,0,0,2,191,180,169,103h,13,9
141: ZINE入稿エラークソデカPDF事件 ~ありがとう、iLovePDF~,00:26:26,200,200,0,0,5,193,181,161,76h,9,7
140: お腹を満たす飲み物、深夜の作業場所 ~マグロハンターから届いた謎のおたより~,00:31:41,216,216,0,0,3,209,197,171,98h,21,9
139:5/11文学フリマ東京40_し-80 ~ InDesign大好き~,00:38:34,186,186,0,0,1,173,168,144,98h,16,7
138: 東京ステーションホテル ~宿泊者専用◯◯~,00:30:17,194,194,0,0,1,185,178,160,84h,8,6
137: ZINEフェス東京視察 ~爆モテ、アフロ~,00:22:49,189,189,0,0,1,179,171,159,63h,13,4
136:ガチ雑談がしたい ~教皇選挙からWindsurfまで~,00:45:11,2732,2732,0,0,3,2705,1307,179,383h,23,14
135: 猫でもわかるMCP ~LLM時代の大統一規格~,00:41:19,402,402,0,0,3,379,357,288,220h,31,17
134: 似て非なるものたち  ~アベックか、カップルか~,00:32:37,229,229,0,0,2,213,206,191,107h,15,9
133:文学フリマ東京40に出展するよ ~ZINE、はじめました~,00:27:22,207,207,0,0,1,196,182,162,79h,12,7
132: スパジャポ缶詰漫画会 ~熟年層不倫のパターン学習~,00:38:11,206,206,0,0,1,199,185,158,109h,16,9
131: 教えて、RSS ~yak shavingなふたり~,00:45:22,280,280,0,0,3,250,238,196,161h,20,9
130: 一家に一台、Cursor ~闇落ちupaの片鱗~,00:39:05,286,286,0,0,5,269,255,199,147h,23,18
129: 国語辞典逆引きクイズ ~壮絶な、サ終~,00:37:09,199,199,0,0,3,189,176,153,101h,30,29
128: 宣言的 vs 手続き的 ~タイトルコールをアレンジすると本編が始められない~,00:46:34,254,254,0,0,4,240,232,176,156h,12,7
127: 祝・山手線徒歩一周完走 ~新たなる路線を探して~,00:30:08,194,194,0,0,2,184,175,151,84h,22,13
126: 冪等性（べきとうせい）って何? ~再現性と、もう間違えない~,00:28:22,245,245,0,0,4,228,216,176,93h,39,29
125: 動物偏見クイズ ~タワマンに住む奥さんみたいな動物は?~,00:31:16,201,201,0,0,4,185,176,158,87h,26,18
124: 知らなくても正解にたどり着けるクイズ ~2025年で一番恥ずかしい~,00:23:08,198,198,0,0,1,188,181,163,67h,18,8
123: 最近読んだ本 ~生産性と、マネジメントと、時々、短歌~,00:32:48,228,228,0,0,2,219,207,174,105h,20,8
122: timelesz project ~アイドル・オーディション番組経験値ゼロでもいけた~,00:47:50,249,249,0,0,2,237,228,181,163h,20,13
121: 1万円分の本を買おう ~漫画家 vs タイムパフォーマンス追求集団 ~ ゲスト:黄身子,00:39:57,257,257,0,0,5,248,236,201,143h,90,43
120: うろ覚え昔話 ~白雪姫は王子のキスで目覚めない~,00:39:18,184,184,0,0,2,177,168,151,105h,15,8
119: 鬼怒川温泉ではハンバーグ、コメダ珈琲ではチーズカリートーストを食べるべし ~のぴちゃん待ってるね~,00:29:07,213,213,0,0,3,202,194,168,88h,10,8
118: 君たちはWikipediaゴルフを知っているか ~ぽんぽこ沼に気をつけろ~,00:26:33,217,217,0,0,2,205,190,0,41h,20,11
117: 続・山手線徒歩一周 ~必要なのはアプリ開発、無人マッサージ、水平思考~,00:34:32,237,237,0,0,3,213,198,0,54h,65,39
116: 2024年課金サービス大公開 ~階層構造バトル~,00:28:16,290,290,0,0,4,273,262,219,114h,22,18
115: ようこそ、執事喫茶 ~お嬢様、乗馬のお時間でございます~ ゲスト:黄身子,00:42:10,238,238,0,0,5,226,214,186,140h,16,11
114: 互いの日記を読もう ~揚げ・焼き・魚~,00:33:56,238,238,0,0,6,221,208,184,111h,34,14
113: 空腹を我慢できるvsできない ~俺が中央区でたけのこの里を一番食ってる~,00:27:08,228,228,0,0,2,215,208,185,89h,27,7
112: アフロになったupamune ~坊主→永野→パパイヤ鈴木~,00:29:22,210,210,0,0,4,197,187,167,87h,24,9
111: MBTI診断・再 ~あなたもわたしも、ダークネス~,00:47:25,234,234,0,0,5,222,215,174,152h,20,15
110: 2025年の目標 ~upamune vs 変化に強い身体~,00:38:44,226,226,0,0,4,211,196,168,117h,22,16
109: 2024年の振り返り ~トモダチ、できた~,00:27:09,214,214,0,0,4,201,189,170,82h,21,16
108: 2024年に買ってよかったもの ~SHAKAを信じろ~,00:55:25,242,242,0,0,7,230,212,174,177h,24,21
107: 軽音ライブと山手線徒歩一周 ~思い出の1週間~,00:28:54,212,212,0,0,3,204,188,171,86h,19,14
106: M-1グランプリ2024 ~末締め、まーごめ、剛力彩芽~,00:36:32,235,235,0,0,2,225,211,177,116h,16,12
105: 生成AIでいっぱい開発 ~エセゆるコンピュータ科学ラジオ~,00:45:17,221,221,0,0,3,212,196,170,136h,25,12
104: Mr&Msプレゼンター ~贈り物、してますか?~,00:28:37,217,217,0,0,5,200,191,166,85h,13,8
103:【後編】マヂ友さんの100回記念おたより,00:19:10,189,189,0,0,1,179,167,159,53h,12,9
102: 【前編】マヂ友さんの100回記念おたより,00:41:45,222,222,0,0,4,211,192,165,124h,18,10
101: 【後編】祝100回！EP1~99大振り返り会,00:29:27,206,206,0,0,5,197,186,160,84h,15,12
100: 【前編】祝100回！EP1~99大振り返り会,00:34:00,212,212,0,0,4,202,187,167,100h,13,6
99: 勉強会のあとの懇親会 ~実は僕、友達いました~,00:22:04,289,289,0,0,4,275,259,235,91h,22,13
98: ブラックフライデーで買ったもの ~お願い、エンハンス~,00:26:34,217,217,0,0,5,205,190,170,80h,20,19
97: サイゼリヤ ~今日も俺たちは好みが合わない~,00:27:24,215,215,0,0,8,202,192,167,81h,21,16
96: 博識な新卒（生成AI）を激詰めする回 ~Raycast、v0、bolt、Replit~,00:34:28,258,258,0,0,3,237,212,174,111h,21,17
95: M-1 3回戦を3回見に行った男 ~あるいは号泣しながら料理する男~,00:29:02,253,253,0,0,2,234,207,174,92h,78,54
94: Oura Ring ~もう通知見ないなんて言わないよ絶対~,00:20:39,200,200,0,0,3,191,173,151,57h,32,21
93: iPhone16 ~アクションボタンに何を設定されていますか?~,00:27:15,186,186,0,0,2,173,163,146,70h,23,9
92: 中本・ コンカフェ2・コンテンツ近況 ~配信する頃にはもう私はいません~,00:44:21,211,211,0,0,2,200,188,169,130h,40,20
91: やっぱ日光金谷ホテル ~大河ドラマにしたほうがいい~,00:39:45,221,221,0,0,2,213,193,174,121h,36,21
90: Podcast Weekend ~カレー粉こそが最強のイベントグッズ~,00:20:06,211,211,0,0,2,196,177,162,57h,27,21
89: 使ってるマウス・ディスプレイ ~モニタ使わないほうが集中できる説~,00:22:05,222,222,0,0,3,214,197,180,69h,28,18
88: TOKYO ISLAND行ってきた ~隅田川でテナガエビを捕まえよう！~,00:32:15,207,207,0,0,2,197,181,156,91h,26,21
87: Bリーグに行ってきたよー ~暴れないから紳士~,00:30:16,198,198,0,0,5,188,177,158,84h,18,12
86: 自作PC、最近の散財 ~人のPCを買うのが一番楽しい~,00:48:57,177,177,0,0,4,168,158,140,121h,25,17
85: THE KEYBOARD ~JIS配列 vs US配列~,00:37:55,232,232,0,0,2,218,205,178,120h,25,14
84: ケアンズ旅行 ~シドニーワラビー通り42、Ｐ・シャーマン~,00:42:32,215,215,0,0,2,200,190,167,124h,28,18
83: ミスド最強王決定戦 ~俺たちは絶対に好みが被らない~,00:45:33,226,226,0,0,3,214,198,178,142h,26,16
82: ドムドムハンバーガーを知っているか ~憧れのかりんとう饅頭~,00:33:00,271,271,0,0,2,230,213,187,109h,130,115
81: 色々試してどう? ~概念会との収録、Aerのリュック、Cosense~,00:33:47,240,240,0,0,3,220,196,176,105h,25,16
80:キャパ超えは生活に出る ~私がトヨエツだったとき~ ゲスト:概念会,00:18:31,226,226,0,0,5,215,199,181,59h,63,45
79:ベストパートナーになるために ~結局どっちもどっち~ ゲスト:概念会,01:01:13,147,147,0,0,7,146,137,117,129h,62,43
78: プレゼント選び、ながら聴き ~コナンの事件パートを飛ばす人~ ゲスト:概念会,00:45:02,244,244,0,0,4,222,199,171,139h,71,43
77: Podcast Weekend ~将来に不安を抱く無名人雑談番組~,00:21:42,207,207,0,0,3,189,178,159,61h,25,13
76:朝ご飯食べてる？Wise使ってる？ ~俺が考える、最強のホットサンド~,00:27:46,223,223,0,0,8,213,190,174,84h,39,30
75: おしえて、リュック ~突然の遊戯王カード~,00:28:43,240,240,0,0,4,223,198,183,92h,28,17
74: ブログ・登壇準備、何とかしたい ~おいらは昆虫大好き少年だよ〜！~,00:46:16,237,237,0,0,5,226,207,176,147h,26,16
73:べびわる、ウミガメのスープ、山月記  ~銃声の聞こえる街~,00:40:39,254,254,0,0,3,239,215,188,135h,39,19
72: 史上最遅バチェロレッテ3感想回 ~悲劇から、指ポキまで~,00:53:58,272,272,0,0,6,256,238,196,194h,42,29
71: 俺たち、雑談Podcast ~仁義なきセルフレジ論争~,00:33:16,310,310,0,0,4,290,255,206,126h,69,53
70: こんな悲しいアイドルいる? ~ 私立恵比寿中学 ~,00:39:00,396,396,0,0,9,377,341,296,205h,30,25
69: 町田ドライブとサマソニと ~コーラvs自分との約束~,00:48:10,285,285,0,0,3,269,249,211,184h,20,15
68: マヂ友おたより回 ~スベりを知ってしまった俺達へ~ ,00:19:33,240,240,0,0,4,231,215,199,68h,17,12
67: やさしいって何? ~お前の幸せを決めるのは、お前~,00:41:51,298,298,0,0,7,286,260,217,168h,33,16
66: メイドカフェ vs コンカフェ ~実質ディズニーランド~,00:33:27,288,288,0,0,6,273,253,226,133h,88,54
65: ボーイフレンド感想回 ~メンヘラじゃなくて、姫~,00:34:02,402,402,0,0,6,379,350,299,185h,137,115
64: Apple Vision Pro デモ体験 ~恐竜のTシャツを着ていこう~,00:48:53,351,351,0,0,9,340,317,277,241h,33,15
63: オリンピック見てますか? ~冷えたバチェラーほど意味のないものはない~,00:42:18,269,269,0,0,5,253,219,195,145h,20,13
62: 2024年上半期 ベストバイ・フード・コンテンツ ~地球上で一番強い女~,00:54:41,367,367,0,0,6,349,323,233,244h,51,32
61: 夏風邪を引きつつ、友達と1日過ごしてミスドで〆た話をする回 ~ホーム画面、おじゃる丸、ときどき霜降り~,00:43:14,282,282,0,0,3,267,225,199,153h,14,9
60: おしえて、乙女ゲーム ~命がけの恋愛が見たい~ ゲスト:黄身子,01:03:01,392,392,0,0,13,379,335,230,294h,103,71
59: 京都大作戦 ~ここでしか見られない景色がある~,00:49:13,366,366,0,0,8,348,290,205,198h,67,51
58: テンあげしたのはいつ？ ~話が盛り上がらないのは周りのせい~,00:24:43,269,269,0,0,5,256,207,190,83h,29,19
57: コンテンツで泣いたことがない ~もしかして、妖怪人間~,00:21:07,230,230,0,0,4,222,199,182,68h,25,17
56: ホーム画面大会 ~フォルダ使うやつ、中学生~,00:32:23,244,244,0,0,7,228,199,178,101h,16,13
55: 譲れないこと ~おしえて、◯◯ﾁﾙﾀﾞ~,00:28:33,266,266,0,0,8,257,217,187,97h,35,24
54: ポッドキャストオアシス ~バーボンハウスへようこそ~,00:32:49,279,279,0,0,6,261,206,177,104h,21,14
53: 舌下免疫療法 ~ハマりたい、ハマれない~,00:32:19,241,241,0,0,5,235,202,177,102h,15,13
52: 龍が如く~一番好きな映画は「孤狼の血」~,00:32:03,292,292,0,0,6,279,254,221,127h,26,21
51: 日々の健康管理 ~生野菜食べないダイエット~,00:33:47,253,253,0,0,6,245,224,195,118h,35,24
50: おしえて、成城石井 ~我大豆也~ ゲスト:kita,00:53:22,278,278,0,0,8,270,249,200,196h,30,17
49: Podcastを半年やってみた振り返り ~オモロはスピード~,00:45:37,270,270,0,0,8,246,214,186,150h,23,19
48: おしえて、音楽フェス ~森、道、市場2024~,00:35:52,238,238,0,0,7,232,206,189,118h,29,20
47: 人に興味ある？ ~タブ共有で防げ、文春砲~,00:24:12,237,237,0,0,8,230,210,190,81h,28,20
46: 麺WARS ~求む、最高のペペロンチーノ~,00:40:00,246,246,0,0,9,240,225,183,135h,31,26
45: やっぱ、ボルダリング ~女性と二人っきり密室監禁事件~,00:24:39,245,245,0,0,6,231,200,178,79h,19,15
44: そのうちやりたいことリスト ~哀しき揚げもみじ~,00:35:20,241,241,0,0,6,235,221,186,119h,22,12
43: ハンニバルやばすぎワロタ ~象とアルプスを越えられるか~,00:36:36,235,235,0,0,8,221,188,171,109h,19,13
42: 情報どうやって取ってきてる? ~バイバイ、セラミック~,00:35:39,282,282,0,0,9,265,249,202,135h,41,28
41: 友達回へのお便り紹介2 ~近況報告したことない~,00:42:15,250,250,0,0,6,237,226,197,147h,31,21
40: 韓国行ってきた ~リスナーの愛称を決めよう~,00:39:21,271,271,0,0,5,255,229,204,142h,49,40
39: おすすめChrome拡張 ~エンドレス・ハム太郎~,00:33:13,242,242,0,0,4,232,212,188,110h,44,35
38: 酒が飲めない ~でも、朝までいる~,00:33:30,336,336,0,0,7,325,298,243,152h,47,33
37: Macアプリバトル ~2人の愛用アプリの紹介~,00:46:55,331,331,0,0,5,326,289,220,196h,40,29
36: 友達回にいただいたお便り紹介 ~100人の友達より1人のマブダチ~,00:19:47,264,264,0,0,6,259,236,207,74h,29,20
35: バイトの思い出 ~メントス隠れ食い、あるいは失われた青春 ~,00:27:11,246,246,0,0,4,240,222,196,95h,30,16
34: 教えて、コーチング ~おたよりが欲しくば、自分が送れ~,00:29:58,272,272,0,0,4,263,238,211,111h,24,13
33: 使ってるサブスクを語ろう ~誰もがBeliever~,00:30:07,301,301,0,0,11,293,267,225,121h,42,32
32: 私生活でもOKR ~行動がすべて~,00:25:01,277,277,0,0,7,267,254,235,102h,31,18
31: 友達がいない ~ﾄﾓﾀﾞﾁって何?~,00:33:49,407,407,0,0,8,400,370,302,189h,90,71
30: Google検索封印してみた~Perplexityだけの生活~,00:25:19,328,328,0,0,6,322,287,242,112h,68,53
29: たすけて、タスク管理 ~全人類の課題~,00:22:12,374,374,0,0,5,370,324,269,110h,157,129
28: コストコに行ってきた ~俺達に2度目はあるのか~,00:22:51,271,271,0,0,5,262,237,209,86h,30,20
27: 聴いてるラジオ・Podcast ~全ては爆笑問題カーボーイから始まった~,00:30:10,330,330,0,0,7,325,295,235,134h,60,40
SS1: クソガキ回を振り返る ~ポッドキャスト版相席食堂~,00:53:31,76,76,0,0,23,76,58,41,46h,82,52
26: 新卒時代どんなだった？ ~クソガキの恩返し~,00:31:04,422,422,0,0,10,404,343,277,162h,148,107
25: Chromeを使うのをやめました ~Arcブラウザとは~,00:31:51,474,474,0,0,5,469,380,265,169h,317,256
24: ガンダムにハマらせたい ~この先10年分のエンタメ~,00:39:29,279,279,0,0,6,271,248,195,144h,28,19
23: 好きなYouTubeチャンネル ~風吹ケイさんになりたい~,00:33:19,304,304,0,0,3,297,261,206,130h,48,37
22: 東京マラソン完走！~説教って何？~,00:21:20,236,236,0,0,4,232,214,196,74h,35,19
21: 俺たちのロイヤルホスト 後編 ~プロが語るおすすめメニュー~ ゲスト:kita,00:30:05,548,548,0,0,7,531,438,320,188h,376,343
20: 俺たちのロイヤルホスト 前編 ~食べる前にまず歴史から~ ゲスト:kita,00:26:24,408,408,0,0,7,394,361,319,150h,60,50
19: 化石になりたくない ~16personalitiesやってみた~,00:29:00,268,268,0,0,4,261,239,208,108h,25,20
18: ALL YOU NEED IS RUN ~早起きしたい~,00:16:47,235,235,0,0,6,232,213,192,58h,14,13
17: 車、乗ってる？ ~60万円の免許~,00:24:19,274,274,0,0,5,265,242,209,93h,21,15
16: 猫ミームって何 ~野音漫才選集レポ~,00:27:22,297,297,0,0,8,292,268,209,109h,37,27
15: 長崎はいいぞ ~本物のちゃんぽんがそこにある~,00:21:23,262,262,0,0,7,254,229,203,78h,15,10
14: お気に入りの作業スペース ~晴天、曇天、雪天~,00:30:47,248,248,0,0,5,244,223,186,105h,13,10
13: それがバスだから。THE BUS ~ひとり○○ 、やったことある？~,00:25:46,275,275,0,0,9,263,237,208,95h,22,14
12: 推しホテルを語りたい 〜上質なおばあちゃんたち〜,00:17:48,260,260,0,0,7,252,231,204,65h,26,17
11: 教えて、povo2.0 ~LISTENの辞書機能は神~,00:14:47,292,292,0,0,10,281,258,241,62h,65,37
10: OpenSwim vs YouTuber ~飽きずに泳ぎたい~,00:11:59,240,240,0,0,3,233,210,197,41h,31,15
9: 紙なの？電子書籍なの？どっちが好きなの？ ~最近の読書環境~,00:14:29,285,285,0,0,7,274,247,224,58h,58,31
8: 千里の道も一歩から ~ランニング始めました~,00:15:09,255,255,0,0,5,250,227,200,55h,24,19
7: みんなも日記を書こう ~日記とは~,00:19:45,330,330,0,0,15,316,278,231,85h,66,52
6: リモート厄払い ~2024年の目標~,00:16:12,255,255,0,0,5,252,231,209,60h,21,15
5: 年末年始にやってたこと ~愛される老人になりたい~,00:27:38,277,277,0,0,8,270,244,201,101h,33,24
4:  Buy Me a Logic Pro ~ポッドキャストができるまで~,00:18:16,273,273,0,0,10,265,242,208,70h,31,26
3: そんな都合の良いドリンクがあるんですか ~2023年買って良かったもの~,00:38:05,359,359,0,0,7,347,307,215,161h,43,35
2: やってる奴がえらい 〜M-1敗者復活会場レポ〜,00:22:15,322,322,0,0,7,317,301,251,102h,82,76
1: 歴史はマネできない,00:11:23,342,342,0,0,11,336,307,290,58h,35,31
,00:07:20,49,49,0,0,1,49,45,43,5h,2,2
